{
  "lang":"en",
  "name":"pipeline",
  "version":"0.0.0",
  "spacy_version":">=3.7.2,<3.8.0",
  "description":"",
  "author":"",
  "email":"",
  "url":"",
  "license":"",
  "spacy_git_version":"a89eae928",
  "vectors":{
    "width":0,
    "vectors":0,
    "keys":0,
    "name":null,
    "mode":"default"
  },
  "labels":{
    "transformer":[

    ],
    "ner":[
      "ACHIEVEMENTS",
      "ADDRESS",
      "CERTIFICATIONS",
      "EDUCATION",
      "EMAIL",
      "EXTRA CURRICULAR",
      "GRADUATION",
      "INTERNSHIP",
      "JOB ROLE",
      "LANGUAGES",
      "MAIL ",
      "MOBILE",
      "NAME",
      "ONLINE PROFILES",
      "PERCENTAGE",
      "PROGRAMMING",
      "PROJECTS",
      "ROLES",
      "SKILLS",
      "TECHNOLOGICS",
      "TECHNOLOGIES",
      "TECHNOLOGIES ",
      "UNIVERSITY/COLLEGE",
      "WEB TECHNOLOGIES",
      "WORK EXPERIENCE"
    ]
  },
  "pipeline":[
    "transformer",
    "ner"
  ],
  "components":[
    "transformer",
    "ner"
  ],
  "disabled":[

  ],
  "performance":{
    "ents_f":0.3185763889,
    "ents_p":0.2774837441,
    "ents_r":0.3739555737,
    "ents_per_type":{
      "NAME":{
        "p":0.652173913,
        "r":0.6441717791,
        "f":0.6481481481
      },
      "ADDRESS":{
        "p":0.2261904762,
        "r":0.2261904762,
        "f":0.2261904762
      },
      "TECHNOLOGIES":{
        "p":0.1340996169,
        "r":0.1532846715,
        "f":0.1430517711
      },
      "SKILLS":{
        "p":0.2869208494,
        "r":0.4666405024,
        "f":0.3553496712
      },
      "WORK EXPERIENCE":{
        "p":0.1313131313,
        "r":0.1150442478,
        "f":0.1226415094
      },
      "PROJECTS":{
        "p":0.1315789474,
        "r":0.1176470588,
        "f":0.1242236025
      },
      "GRADUATION":{
        "p":0.3314285714,
        "r":0.4296296296,
        "f":0.3741935484
      },
      "JOB ROLE":{
        "p":0.3319148936,
        "r":0.3786407767,
        "f":0.3537414966
      },
      "EMAIL":{
        "p":0.7692307692,
        "r":0.9302325581,
        "f":0.8421052632
      },
      "CERTIFICATIONS":{
        "p":0.0972222222,
        "r":0.1060606061,
        "f":0.1014492754
      },
      "ACHIEVEMENTS":{
        "p":0.3392857143,
        "r":0.2533333333,
        "f":0.2900763359
      },
      "PERCENTAGE":{
        "p":0.2745098039,
        "r":0.2295081967,
        "f":0.25
      },
      "EXTRA CURRICULAR":{
        "p":0.5539568345,
        "r":0.55,
        "f":0.5519713262
      },
      "PROGRAMMING":{
        "p":0.0,
        "r":0.0,
        "f":0.0
      },
      "WEB TECHNOLOGIES":{
        "p":0.0,
        "r":0.0,
        "f":0.0
      },
      "ONLINE PROFILES":{
        "p":0.375,
        "r":0.75,
        "f":0.5
      },
      "EDUCATION":{
        "p":0.0,
        "r":0.0,
        "f":0.0
      },
      "UNIVERSITY/COLLEGE":{
        "p":0.0,
        "r":0.0,
        "f":0.0
      },
      "INTERNSHIP":{
        "p":0.0,
        "r":0.0,
        "f":0.0
      }
    },
    "transformer_loss":6607.5160787547,
    "ner_loss":26550.6106727877
  }
}